Intel 660p Series M.2 2280 1TB PCIe NVMe 3.0 x4 3D2, QLC Internal Solid State Drive (SSD) SSDPEKNW010T8X1
$169.99WD Blue 3D NAND 1TB Internal SSD - SATA III 6Gb/s 2.5"/7mm Solid State Drive - WDS100T2B0A
$159.99Crucial MX500 2.5" 1TB SATA III 3D NAND Internal Solid State Drive (SSD) CT1000MX500SSD1
$164.99SAMSUNG 860 EVO Series 2.5" 500GB SATA III V-NAND 3-bit MLC Internal Solid State Drive (SSD) MZ-76E500B/AM
$129.75WD Blue 3D NAND 500GB Internal SSD - SATA III 6Gb/s 2.5"/7mm Solid State Drive - WDS500G2B0A
$99.99Team Group GX2 2.5" 512GB SATA III Internal Solid State Drive (SSD) T253X2512G0C101
$79.99Western Digital WD BLACK SN750 NVMe M.2 2280 1TB PCI-Express 3.0 x4 64-layer 3D NAND Internal Solid State Drive (SSD) WDS100T3X0C
$219.99Intel 660p Series M.2 2280 512GB PCIe NVMe 3.0 x4 3D2, QLC Internal Solid State Drive (SSD) SSDPEKNW512G8X1
$99.99Crucial MX500 2.5" 500GB SATA III 3D NAND Internal Solid State Drive (SSD) CT500MX500SSD1
$99.99WD Blue 3D NAND 2TB Internal SSD - SATA III 6Gb/s 2.5"/7mm Solid State Drive - WDS200T2B0A
$319.99Kingston A400 2.5" 240GB SATA III 3D NAND Internal Solid State Drive (SSD) SA400S37/240G
$52.99SAMSUNG 860 EVO Series 2.5" 1TB SATA III V-NAND 3-bit MLC Internal Solid State Drive (SSD) MZ-76E1T0B/AM
$227.75Intel 660p Series M.2 2280 2TB PCIe NVMe 3.0 x4 3D2, QLC Internal Solid State Drive (SSD) SSDPEKNW020T8X1
$349.99Kingston A400 2.5" 120GB SATA III 3D NAND Internal Solid State Drive (SSD) SA400S37/120G
$39.99Crucial MX500 M.2 2280 1TB SATA III 3D NAND Internal Solid State Drive (SSD) CT1000MX500SSD4
$165.99HP EX950 M.2 2280 1TB PCle Gen3 x4, NVMe1.3 3D NAND Internal Solid State Drive (SSD) 5MS23AA#ABC
$219.99Team Group GX2 2.5" 256GB SATA III Internal Solid State Drive (SSD) T253X2256G0C101
$49.99Kingston A400 2.5" 480GB SATA III 3D NAND Internal Solid State Drive (SSD) SA400S37/480G
$81.99Crucial BX500 2.5" 2TB SATA III 3D NAND Internal Solid State Drive (SSD) CT2000BX500SSD1
$285.99Team Group GX2 2.5" 1TB SATA III Internal Solid State Drive (SSD) T253X2001T0C101
$142.99Silicon Power Ace A55 2.5" 1TB SATA III 3D NAND Internal Solid State Drive (SSD) SU001TBSS3A55S25NE
$142.99WD Blue 3D NAND 250GB Internal SSD - SATA III 6Gb/s 2.5"/7mm Solid State Drive - WDS250G2B0A
$69.99WD Blue 3D NAND 250GB Internal SSD - SATA III 6Gb/s M.2 2280 Solid State Drive - WDS250G2B0B
$69.99Corsair Force MP600 M.2 2280 1TB PCI-Express Gen 4.0 x4 NVMe 3D TLC Internal Solid State Drive (SSD) CSSD-F1000GBMP600
$289.99Crucial MX500 2.5" 2TB SATA III 3D NAND Internal Solid State Drive (SSD) CT2000MX500SSD1
$329.99WD Blue 3D NAND 2TB Internal SSD - SATA III 6Gb/s M.2 2280 Solid State Drive - WDS200T2B0B
$314.99Silicon Power Ace A55 2.5" 512GB SATA III 3D NAND Internal Solid State Drive (SSD) SU512GBSS3A55S25NE
$83.99Team Group T-Force VULCAN 2.5" 1TB SATA III 3D NAND Internal Solid State Drive (SSD) T253TV001T3C301
$148.99Western Digital WD BLACK SN750 NVMe M.2 2280 1TB PCI-Express 3.0 x4 64-layer 3D NAND Internal Solid State Drive (SSD) WDS100T3XHC W/ Heatsink
$259.99Silicon Power Ace A55 2.5" 256GB SATA III 3D TLC Internal Solid State Drive (SSD) SU256GBSS3A55S25NB
$68.99Crucial P1 1TB 3D NAND NVMe PCIe M.2 SSD - CT1000P1SSD8
$149.99Western Digital Blue 2.5" 4TB SATA III 3D NAND Internal Solid State Drive (SSD) WDS400T2B0A
$739.99HP EX900 M.2 250GB PCIe 3.0 x4 NVMe 3D TLC NAND Internal Solid State Drive (SSD) 2YY43AA#ABC
$54.99Team Group GX1 2.5" 120GB SATA III Internal Solid State Drive (SSD) T253X1120G0C101
$27.99Corsair Force MP600 M.2 2280 500GB PCI-Express Gen 4.0 x4 NVMe 3D TLC Internal Solid State Drive (SSD) CSSD-F500GBMP600
$190.99Seagate BarraCuda 120 2.5" 500GB SATA III 3D TLC Internal Solid State Drive (SSD) ZA500CM1A003
$99.99